table	name	source_url	key	bytes	sha256
profile_pictures	Bear	https://lh3.googleusercontent.com/d/1cMAxBlDvKxPpPyOKffLsjM0RDxPUdC-_=s256	profile_pictures/bear.png	9083	39d266d7edcc1875f838a7bbb6158fe02e1d5bf1ac5c86ca6c37c6d2af3e9720
profile_pictures	Cat	https://lh3.googleusercontent.com/d/1fTFvJGmCOaFF-mCm_4XAdyjaRFw3Sf9a=s256	profile_pictures/cat.png	9801	66aac89eb2309c2dfc70f2e62c44e6374e6594c36565372fd7710bf0a53d8bac
profile_pictures	Dog	https://lh3.googleusercontent.com/d/1hZ2iw1UkqHJN18MLUhRTZGbgLBm-7dBS=s256	profile_pictures/dog.png	9666	2a0bbafe67cb83f9c5059cbbcbd79ac4627bd4cbba18569fb3d33085327697ed
profile_pictures	Frog	https://lh3.googleusercontent.com/d/1JNMYRv7JtMkfkhEebxLIpTEx4TVMIV-7=s256	profile_pictures/frog.png	7425	492cceaf4ecc1aa4048432662b7269fbb1532d3733089c2409f0782aa03934cf
profile_pictures	Horse	https://lh3.googleusercontent.com/d/16v7Hh1ZknhM79ZR0KvelT48J4h2T-wyd=s256	profile_pictures/horse.png	10724	18682888757a465c367dcae3ef5d1f08a61daed862df4ddeeec02c0588107aa5
profile_pictures	Koala	https://lh3.googleusercontent.com/d/1eRCQHZY-GJc5I2skndx6eyegFhTDCXoH=s256	profile_pictures/koala.png	11580	e387a34db45993a3ee31d70ae26604ad631742263595969b6a828d3905a9fc1a
profile_pictures	Monkey	https://lh3.googleusercontent.com/d/1NJDPIyXjEDEj4nRYEu1KTUjGDNQGqAfg=s256	profile_pictures/monkey.png	10785	cdc1eae2bc40c255fa4ffc9473681d3d1ad8755345267d9c0c8ddd08948362be
profile_pictures	Penguin	https://lh3.googleusercontent.com/d/11MRH75SHIbZJzeK_tkQp6Gt6Z5GFJlaH=s256	profile_pictures/penguin.png	9700	018f19b77add312cbb2dad739ae275134220c4e2dc654d49eb91f09315a8c19f
profile_pictures	Rabbit	https://lh3.googleusercontent.com/d/1wIdpZ7RMytoy9rhpA411lZFz7CbjdyM3=s256	profile_pictures/rabbit.png	11554	e1f6010c830c6907941ae057263be4a2f71ede01a959d54c924bc7e968c39dd2
profile_pictures	Fox	https://lh3.googleusercontent.com/d/1qBwGLPAEBr2y5Y2_EVCAd0jQWDeCcUOW=s256	profile_pictures/fox.png	10789	51a19376ad7dc37b32057eb8c45151f7b40d031ba5f115a4f40361b0c5155974
profile_pictures	Owl	https://lh3.googleusercontent.com/d/125zcjmHrYFGg0jMFm0zqpRg_G8VNSr5L=s256	profile_pictures/owl.png	16363	5cc4038ca9a4d6e357ee5edf9ebb01c4143987c2091d157ba0584b3352307702
profile_pictures	Lion	https://lh3.googleusercontent.com/d/1weXwu_K_35tQHYg92C4tIB9TwM7mBDab=s256	profile_pictures/lion.png	11337	ed555747571a3c9c0287003bf4f9e2e4f6fb67813594f2bd301ebf2ffdd8145a
profile_pictures	Tiger	https://lh3.googleusercontent.com/d/1L-focNnL0yNJueAArM-YfHE9kX0VZv3T=s256	profile_pictures/tiger.png	14749	bacbbd97e14e3ee745a47e4bfd5bcc534d3faa3eb6b0bdf589b3a9563a67c248
profile_pictures	Panda	https://lh3.googleusercontent.com/d/1zCySFnbUMtnBjv1g_u9nruHZM5PIdnt_=s256	profile_pictures/panda.png	12585	90fc12b8536b07db557b264861346aa1b77440eeaebe4b94c8349581ce3ddab0
profile_pictures	Wolf	https://lh3.googleusercontent.com/d/1LB0wQaR_rq3bYk9oN5P6RWsEm5-oIXae=s256	profile_pictures/wolf.png	9263	18b4d6a4a22720c9b62e83136c768f946ba7f81ca9e86a4ec1d557184029fcf4
profile_pictures	Love Sheep	https://drive.google.com/uc?export=download&id=1_xsklNtmysOICReADfzAHTmGWXtap0P8	profile_pictures/love-sheep.json	210589	9c16de2df414ee6ec3d9aa6bd17e91b2a302508f3006bb83b5ef22b7856d2d1b
profile_pictures	Love Birds	https://drive.google.com/uc?export=download&id=1sr5MD9P1lK9Whg5qezYMGVz9P7aM5h6F	profile_pictures/love-birds.json	163736	23b61d9989bb0103a1455193ace0d086c7186265acf78bda27c756d83afee6c9
profile_pictures	Error 404	https://drive.google.com/uc?export=download&id=1bVCZfGy671tAjUHdPIscUFbuSPpeX15o	profile_pictures/error-404.json	175942	222cb8dfa2902522e43ed61d2db033ebeaf703fc8110df46e05b3f1338d5ee3c
profile_pictures	Anima Bot	https://drive.google.com/uc?export=download&id=1ZyY6jy3Bm7QYVs3-GWfzFfCjlY95yeaP	profile_pictures/anima-bot.json	15233	2c9c7f61849c32f2b149a42ac27c7165c2c5ecd60904ab7204f62f2b44f8f769
profile_pictures	Orange Ballerina	https://drive.google.com/uc?export=download&id=1TNa5MuHshDXimN4ItUUQBB4VrW8xfmFH	profile_pictures/orange-ballerina.json	23862	d947d6002a3b707c88c2854d1babae4eda9b37509a343bc679e6db90162ce705
profile_pictures	Toucan Flying	https://drive.google.com/uc?export=download&id=1HdjPRNx4vPO3EI-_U1Z1UQa8mprLdRNM	profile_pictures/toucan-flying.json	62975	5c4b4ae1a28f7d8027b1a8e9f2fbac7c17ee63043a4589c8c5bdabb028318cc7
profile_pictures	Live Chatbot	https://drive.google.com/uc?export=download&id=1msaoUAeJipCWCy0q8TABPKxWc8ExLMjm	profile_pictures/live-chatbot.json	40262	e7e3484071ccf1b3c24f87513bb322c7c67250c594dc1a7522b51085d6f0702c
profile_pictures	Paper Plane	https://drive.google.com/uc?export=download&id=1PmclJnzKyczYNi3YSIxAStPWLI60f3-8	profile_pictures/paper-plane.json	6459	125c839927f2c6120fd5909250b6f8f1c7fa00e79f840c62499726d545a3136b
profile_pictures	Bouncing Dots	https://drive.google.com/uc?export=download&id=1FfiTWCqv_r0_wllt9GXKDhwVKxSZ823V	profile_pictures/bouncing-dots.json	4408	8ccf77c6b0e0a9e0f6abeb28ad473411492d30ba509132b2f024fe5c7b7130ad
profile_pictures	Monarch Butterfly	https://drive.google.com/uc?export=download&id=16CuzIvYWioJW4xTyI4ukYVkHWnJFLyt-	profile_pictures/monarch-butterfly.json	37114	740c4cc7a878953e3716d99991888f953f70e1ce25b6d5bd1f113d3ebcfa7df4
profile_pictures	Lovestruck Cat	https://drive.google.com/uc?export=download&id=1KOKAFftNzGhnG6ISbnb7ylz1uTf87Er3	profile_pictures/lovestruck-cat.json	119096	05e296157ec2a522c84be49b1975f1ef3965b8eaf92c2cefa4d044cb0fe1fb43
profile_pictures	Galloping Horse	https://drive.google.com/uc?export=download&id=1hYp8vPfH07C7JeJlmJZI5JyazvRd7Qbg	profile_pictures/galloping-horse.json	111027	76412af36703c7d0a23b94e43746b13074fc343d9f07a8119a9673a6c40525d7
profile_pictures	Gamer Raccoon	https://drive.google.com/uc?export=download&id=1uchuXzcjzIq6_WKIp2jHVkJ2D4AGxH8g	profile_pictures/gamer-raccoon.json	55907	24982a77317e83b2b96613bf477ca890b1d9aa09fdfde28936af8f12d5d80bf0
profile_pictures	Cool Cat	https://drive.google.com/uc?export=download&id=15UkZwIjVdEquW_smNseUStfciYikMH37	profile_pictures/cool-cat.json	156791	ae5d827b91ce2d510e768dc79e85b6018669c5f726a6bc6e017ba813a7341350
profile_pictures	Shooting Game	https://drive.google.com/uc?export=download&id=1awnG6ysbh0QRWXQpDN-5yIsTj0IXFJbO	profile_pictures/shooting-game.json	183675	77a8ba8cfde2108d2ba089e8040302dcf94701a2416039f225ee23a2c9c859c2
profile_pictures	Spider	https://drive.google.com/uc?export=download&id=1JRg3ayCimSPi3SsJNSRFj53S65BdMzpY	profile_pictures/spider.json	182687	9ffdd472e8a310f6e8837fbd73aff7e540cbbf3cb545546b8bb46dd02c399dbe
profile_pictures	Swirling Dots	https://drive.google.com/uc?export=download&id=10vbKXtV7-ZT8Gf-m7giwWNbi0nP67juF	profile_pictures/swirling-dots.json	360521	f7e3c512d283ff42fc94b26e0876b6cbccbb7b6d85db4be739c92c4c7a27a6c0
profile_pictures	Sporty Avocado	https://drive.google.com/uc?export=download&id=1cal_8xZS9Tz4TCDt1leTtG36mqZhH98Q	profile_pictures/sporty-avocado.json	293355	3895116c53395d3dd954df0ffa0f219f105217445945b247ead2944754c36c9b
profile_pictures	Blazing Fire	https://drive.google.com/uc?export=download&id=1sWLmx0skXzrQ6d_ZitT_OTZMmSd_c6LA	profile_pictures/blazing-fire.json	21467	f0cbc0390526ca44e9a0caec46d0a1f829bc9ab7d7fa31c4b3cf22b6ea43e9f8
profile_pictures	Love and Kiss	https://drive.google.com/uc?export=download&id=1Mw_0tq2l_2FN3c7X_sDvrV_nZqIsafVM	profile_pictures/love-and-kiss.json	200258	722a3a97edb7bd2344f5324cfc8866672e9f73f6e26e7535234c2a2f5332e939
profile_pictures	Butterfly Flapping	https://drive.google.com/uc?export=download&id=19mQ9PjStBJUoFyThaSe97fEcfzARw_Ar	profile_pictures/butterfly-flapping.json	98228	cc13ed3585b985ef1b95ed112dddcd26eb33c4ddc27e75758bcb5bbe32b3f169
profile_pictures	Waving Tiger Cub	https://drive.google.com/uc?export=download&id=1vg1xUlnF0vLAYh-w8F4dHRUsQ1sTPTgB	profile_pictures/waving-tiger-cub.json	161384	9c4bda97437fdc77caf83a58615217a39618c8ecc2684d2ed119f7d4d873522e
profile_pictures	Indian Flag	https://drive.google.com/uc?export=download&id=11oXU9B5LeWF9OMEcCYihLkKcrj0Zl4Gn	profile_pictures/indian-flag.json	295331	9c90f65d34a256edf8b4c022fad6b7437f0c82ad9af71be6199d876e1a4304b5
profile_pictures	Jolly King	https://drive.google.com/uc?export=download&id=1oDAJP-qC9GNxt6tW6WLMldl0EV6YtcWn	profile_pictures/jolly-king.json	111269	4077d66d092303cf88bc3eef62e84399ed99814ec8d413d23b83504592940eef
profile_pictures	Jolly Queen	https://drive.google.com/uc?export=download&id=1PXnoJzPxQtn7v5JkjUVemUNdbA4gSa73	profile_pictures/jolly-queen.json	88222	f772c632a426d62d5d6489ff4668adb471f683ee82db2bd7dadfd07cd6012534
profile_pictures	Bodybuilder	https://drive.google.com/uc?export=download&id=1rpYEPGB5MqjPq-V-1wKPP0waPy3iYGxq	profile_pictures/bodybuilder.json	140899	4162880cd13fbb0f397e26cd2f562cb715103836a62c8fda858e4f404cd34b6f
profile_pictures	Butterfly	https://drive.google.com/uc?export=download&id=1j_sD1jKZZwbgTOquWLhRS96gqJ8xS67c	profile_pictures/butterfly.json	87470	b705ec99523e01135d48fe342d1444090bb204fe29722c5c941370cdeaca2fa5
profile_pictures	Dog Dancing	https://drive.google.com/uc?export=download&id=1i5EKv2S01ARvRaZT2l3fIvQyhMOu4sFd	profile_pictures/dog-dancing.json	77166	c978dc1b58c9d0a72adb78d72ae679df2a5a1e0404c064def37ce61aa9043a21
profile_pictures	Dance	https://drive.google.com/uc?export=download&id=1vBB46I0BL-58G03kwqwf5EGpqUxq2vpQ	profile_pictures/dance.json	73036	ee38b194668d2dc82df8bc35454542d1c81fb3fe205d76c018b7148e7168e548
profile_pictures	Cockroach	https://drive.google.com/uc?export=download&id=13Zw4aYOI2tF1ULv_HBpc7ovS7VKHQd6m	profile_pictures/cockroach.json	75724	3f8b24df60a00c6032429a8ebe3314b94c79f663b4a371989391accfac49174a
profile_pictures	Festive Capybara	https://drive.google.com/uc?export=download&id=188lHqjAKW9TcuSVGcBqn9TxU8pHsfWpX	profile_pictures/festive-capybara.json	228341	1b15b0226318ab1aee611c91af40c4c79d37da6a3ae424ce160815309c6a204f
table_pictures	Lines Background	https://drive.google.com/uc?export=download&id=1r26ntLyDxKVbu7NAcsAQ3P3Sh8qF-oN-	table_pictures/lines-background-day.json	101180	45d25686ca9282a4004b2779cf8b42f94d316f491b0f163d84c45f0a7255d0e7
table_pictures	Lines Background	https://drive.google.com/uc?export=download&id=1mBnzYABRNRvP7aaEOk2JrBdQC7Lw--fB	table_pictures/lines-background-night.json	30588	d8590d9b33f150d207135811e7cc39b33fff2d593c5488635b84970ec5fd5f97
table_pictures	Background Pattern	https://drive.google.com/uc?export=download&id=1SZ9uuV6AuJB5vYqjMmbRq0Qi7ILr7O3_	table_pictures/background-pattern-day.json	31502	d19f97db1cbf6688408fa125df47f51dcb37eb163e2f8ce85b422ce9b47c0ee6
table_pictures	Background Pattern	https://drive.google.com/uc?export=download&id=1jysl9afLqlbeIO1SS8ypASb1TQkUFl2C	table_pictures/background-pattern-night.json	31502	005dc23d69a835eb9b43197a35c6c231cce75032b1eab3c7c0b9c5b6c0a50e70
table_pictures	Welcome	https://drive.google.com/uc?export=download&id=1iEyjVt07WkoblcgnX-DdWlqYp-Hsc3Wy	table_pictures/welcome.json	7518	43d2abaad15869ac80626f8af9b7086bccd18c29572ad9ecb1203ecf47e41b76
table_pictures	Thank You	https://drive.google.com/uc?export=download&id=19egvyPjBfCFbtEna7cL-_U1kQLVra6e8	table_pictures/thank-you-day.json	729321	6a50dc1f635cdbe1afdb062f403f6e2329539c6a78adbf46fb26e5c5e63f5f52
table_pictures	Thank You	https://drive.google.com/uc?export=download&id=1Iowysv9_-BE4qont-qLkZRi3XhfF6uc4	table_pictures/thank-you-night.json	728757	c1b2360a263d38f9a07f8eb249068b8187c0b54c7f63eee8c9ad54479717ea6f
table_pictures	Circle Background Pattern	https://drive.google.com/uc?export=download&id=1Hx3AHsY2-8by89WIsxbPxpM64zL7kZps	table_pictures/circle-background-pattern.json	3655	93eed447716ab2a03bc32f7e3694a69b07688fc6a3ad05b98f826ef5dba5621d
emojis	Angry	https://drive.google.com/uc?export=download&id=19CkeJfl8J9knw0tLoxgruKFaGwnsP3jh	emojis/angry.json	65554	28f089e383f7c7e4c3b58c8d7b40b06a93f68fc84328137b0b19bfa16e5f46fb
emojis	Dollar	https://drive.google.com/uc?export=download&id=1HZej1y15g4FhGKjNPbR2WOqFdDXn-r5l	emojis/dollar.json	16210	fddd7501a3495a6ef016869f106b94e6e2d7bf0e3a676b97b4d21d12a08138b9
emojis	Crying	https://drive.google.com/uc?export=download&id=1iTOgg_JZRXvY9f9IRPaAR9UyEt4q7f4S	emojis/crying.json	10172	8678efbb8daffc622ef632fcc4d27839ad8a14c3f69a716be81e5c44042172bb
emojis	Hi Face	https://drive.google.com/uc?export=download&id=1qpBgQTwXWMvrHqQLAA6wT1EIsNb9zakr	emojis/hi-face.json	110775	d7f7f6884c6f6edddfbd27a3169c5661089463245b83b028f27b688cca843019
emojis	Clapping Hands	https://drive.google.com/uc?export=download&id=1_wnZ9Tmiy7qnK7EzmK5hpSPZCOTxvjlc	emojis/clapping-hands.json	352161	19e129cd0a641a4a903d57255bceaa401d968dae94cc51b9fa4d8ada5be59c33
emojis	Cowboy Hat Face	https://drive.google.com/uc?export=download&id=141HlEZZxoRuIzAaN16emiNO7UZ7RWYNn	emojis/cowboy-hat-face.json	181934	ea27e381444153fb5f558d1a1732d25e3c9c19701483540f1abe4eb93ea4b3ea
emojis	Muscle	https://drive.google.com/uc?export=download&id=199f59nq4Vx0FImGvbAv4X2LJnkyUQ67f	emojis/muscle.json	101242	d90a5173cd8cd6ae69382588f1652612d995538c3ebeb3c7ef80cf0f4d1100cd
emojis	Plane Face	https://drive.google.com/uc?export=download&id=1Y3WEnboXZskv6vItBQ_E1WZoC9aIUh8D	emojis/plane-face.json	121240	c59ca29575a7169926a781deb8ad0130c59299f7e13548ed107a4017c1fa2ca7
emojis	Knife	https://drive.google.com/uc?export=download&id=1lLryjoIf2KNGqZFGxGX8vGThozJM0vw-	emojis/knife.json	58804	ba1ca2cbce00118dddeb4b444f1163affc92cf06016824e3dc29a31d4836117a
emojis	Sleeping	https://drive.google.com/uc?export=download&id=1bC-1hqYUblHCjiTvAd6OT8xHYYbj9sKC	emojis/sleeping.json	9132	642f67984068c8a4b9299d7cb6ec11e5cfd63bae05a4cadae01fa8d9822f397b
emojis	Squinting Face with Tongue	https://drive.google.com/uc?export=download&id=1MwoBkG2OIUbHVwu_Jrp4d1VjsJyPb9Y7	emojis/squinting-face-with-tongue.json	81445	c20abf130cf37d8ccdc5c85142f99df02e8aabfea01b16da69946ef39c337666
emojis	Crying Face	https://drive.google.com/uc?export=download&id=1NbIZ7Uix45KCEencp5cvX6aDisiEfhqi	emojis/crying-face.json	288888	0de8ee6d2e2f1630aa5a2bb65f477537d0c6f8e1144b16eb22c2c23539d82ba7
emojis	Enraged Face	https://drive.google.com/uc?export=download&id=1C_zU11KCYX8vaGC04TQgC68cE2TYXHWt	emojis/enraged-face.json	46431	87d06a66ac675ddd16589e11e8db891c0b4538ad376ff3eb91b22e9fa6806322
emojis	Chill Face	https://drive.google.com/uc?export=download&id=1kvwY307kfud4L9SjaZCLzO0mLOZ9pRYR	emojis/chill-face.json	96194	dc5427421ef646cc38a850c35d5f61dcbfbb14c17de45bfe21c93ba3dd24121b
emojis	Face Blowing a Kiss	https://drive.google.com/uc?export=download&id=1K7mIif6FpaHl06j1VFkPB8awW21zz-wf	emojis/face-blowing-a-kiss.json	96773	078c17e6b84e98d6a1f674682feebf3ad1b382053a736cd1a52bb65e690e2d21
emojis	Kiss Face	https://drive.google.com/uc?export=download&id=1oLtnFWg0dd75cuPebF5i0IHuynRnJlp2	emojis/kiss-face.json	79696	2d407f5d93745f44386d96e1fdd2dfd10ad1901f3a52255e7d5ee389c5ff6d13
emojis	Ok	https://drive.google.com/uc?export=download&id=1YnSphiJ7STpuHng9ACqPjwxWFSD4ex6t	emojis/ok.json	32795	1e42108130d8e1ead3ef989f33a918eb26ec8c2c9b73c1960866e10822c9e70a
emojis	No Face	https://drive.google.com/uc?export=download&id=1MWQZiwQMIqDtJcfqBEaB7PcgQ0Py4x8t	emojis/no-face.json	104068	56707ec41fdb2720c5c7dda0eeaff04d6dafdd55302b8c8c5bced3ed8467ef2c
emojis	Tongue Face	https://drive.google.com/uc?export=download&id=1htRt4pDieoOmUJtBPf-FtXb5OK7nPyz8	emojis/tongue-face.json	52281	f9748c781ea289a906aef0e4ba6f30e62e0c4b49a3cbfc1b87048e9c514a312e
badges	REGULAR	https://drive.google.com/uc?export=download&id=1zz4gVBpw579xeR1LLn3dBd3Os3cG8jQT	badges/regular.json	6096	8ceda6f11f8b87f17728af3c3e74a86641ad38b3987468fd49f48dab5db7a6cc
badges	ROYAL_ACE	https://drive.google.com/uc?export=download&id=1lwt8uXauqnX77WEb73xZAbTz_TR-rJKm	badges/royal-ace.json	51129	559b65a5fa2109a13ad89aba93228e8b1672429468ffa772bdb9e14219ea5fc3
badges	ROYAL_KING	https://drive.google.com/uc?export=download&id=1Frs4uv6oAkxK9YgHhh52Rwi_kCRpngNU	badges/royal-king.json	29410	10d24604815535c08c00bdb916bea023f389cfc5caa809c2c2edc3a7054a42a8
badges	ROYAL_MASTER	https://drive.google.com/uc?export=download&id=1ifJxiC6l59fQ1i-RulfLn2SzJfw5sgiJ	badges/royal-master.json	12085	d294b3fd2b9d9a3acfab8c02428a683be8601dd29751c4e8a2fdc17501e8898f
badges	ROYAL_EMPEROR	https://drive.google.com/uc?export=download&id=1gBUNiLrdoSqkL29UEKCI7DjqAr8wZiSd	badges/royal-emperor.json	7531	ec1923c0f4bb731f2324690acdfae0428124bf463a893195f0e2d3147b5e8814
badges	ROYAL_LEGEND	https://drive.google.com/uc?export=download&id=1kn5KJLW96mcMaXLygpvM_sIxPA7L1Ov-	badges/royal-legend.json	90297	1f6bc14c2cbdf019b6bf99c64b2574767ea22c8c11f3af47c96af1f0bbbf4443
badges	ROYAL_KING_OF_KINGS	https://drive.google.com/uc?export=download&id=1A1ckgYQjocbcYfeJsOKFNO8hCrCDCWNI	badges/royal-king-of-kings.json	31472	22ae406cbb514b4c074fdfa06a3739810abb43d56a3fa7812dfaab37c89cf041
player_levels	Rookie	https://drive.google.com/uc?export=download&id=1X5ONeIYMh2Q6348MsQGU9YO1Ut9j0RjR	levels/02-rookie.json	12729	5201bd00600eda357c59ebe0cc6fd22cd14df00453f30407c18dbbf58ea43111
player_levels	Beginner	https://drive.google.com/uc?export=download&id=1046FnHvyBeXHRzuQAyflU-Z994XLMuZG	levels/03-beginner.json	34044	fb823a74c3ca0355ef8377029a62c5f27bb0e110286787468034e309b25d9652
player_levels	Player	https://drive.google.com/uc?export=download&id=1UteuLgAVMFKBXSDGtMs_7LCJKixrZhP8	levels/04-player.json	55411	8a5c921acf300ad2d0c6e5914d9e8eeb96c06688fd8593eac07655ac28ebc11c
player_levels	Regular	https://drive.google.com/uc?export=download&id=1o0Ch-l1nosmMomDocrKO061DnCAIOOcR	levels/05-regular.json	20912	067f2fddb1af64263a90735eda7244b76c114154a852e896618c1c760be865bc
player_levels	Challenger	https://drive.google.com/uc?export=download&id=1JBH14iM0z78skBTliTzYlU1aHl3-c6S2	levels/06-challenger.json	27254	e76f910a4e1f57dbb1bb8cd716436cecec3267ee1d17c4d0573b73a0b079f215
player_levels	Skilled	https://drive.google.com/uc?export=download&id=16LUCeHS--xT7pWcup9xWLOzI7slpIDba	levels/07-skilled.json	17815	398d966b7150efb8be50f23f8fefb7178814f9a2c9c11afe330612e35e977b9e
player_levels	Contender	https://drive.google.com/uc?export=download&id=1DVOEYt6eBhpjhfYqNI-0XTzAXmWsDg7c	levels/08-contender.json	17339	cd3987bfd934e40bca5f1b9c55e00e68f5bfddb0e9c4974063891c43169e9173
player_levels	Fighter	https://drive.google.com/uc?export=download&id=1-oNEE7AIBgDltplByb_hUT4TjyNU4TQ8	levels/09-fighter.json	23954	bef247d3ccc35d3087c21d330be611d25561dbcb8dbaf72cf9ff54c74014f818
player_levels	Rising Star	https://drive.google.com/uc?export=download&id=11E2kIWN-I3d1Df_ZiikOlbfJVR8bCkkd	levels/10-rising-star.json	61201	4fcee83fd9bcf4882b3831ffb248e0d352c7b9315ecdccd5facd4a40ef998006
player_levels	Pro Player	https://drive.google.com/uc?export=download&id=1uPdZgu0zaHe3Cxev7RxRFe5bdDFJ9uax	levels/11-pro-player.json	12880	e069388c43577a93c9796b3b6508dc6eff3763f0bba142986fa24a613932b480
player_levels	Veteran	https://drive.google.com/uc?export=download&id=1v7t6TppF5xMO1tHiZaUiM0Vk_hWDtpru	levels/12-veteran.json	21652	1b374da17bce3878fec4b23b75280e95d7f3ea857fb62c522d16b9718dc3676e
player_levels	Expert	https://drive.google.com/uc?export=download&id=1p-DiB6Ywhwg9nu1o22MoObJU4dp5pQa2	levels/13-expert.json	46130	4736c032673993acf73cc87ce84ba0a99e134b04c5543372d692329fa89d29c0
player_levels	Specialist	https://drive.google.com/uc?export=download&id=12TiIf1ghpANIC9CTpHN7-DPgSjqCekN7	levels/14-specialist.json	15485	d252b6f6c78c6b851f48f39a0f30df6ff1f2f448abe3d4ef50b73d270d822d4c
player_levels	Ace	https://drive.google.com/uc?export=download&id=1KbguHCl0hnDNPiD5mC4WBUqfjoNqrXHO	levels/15-ace.json	26499	49a96c07bcca6d93d59c519b5c6d2817ee6a411d5f5124f311b29de631578d7c
player_levels	Elite	https://drive.google.com/uc?export=download&id=1St9AZX05qFedF40zf0rZhQ6ATFTkCytQ	levels/16-elite.json	9163	27aea40c163a4c9b03b84545e547f2994b3e3ea8eadb7966c8161ae3f351369e
player_levels	Master	https://drive.google.com/uc?export=download&id=1ec87R_lGM3EZHXAVIhjt0eYDslLzKk95	levels/17-master.json	46493	e7cb496fe09cc932138b3671f0ba58b90b1b9796bf3e4e3ad05843bb1a9228de
player_levels	Grand Master	https://drive.google.com/uc?export=download&id=1fq3eVEu739XZBBN5Jkt_m4TLc_P5zIUK	levels/18-grand-master.json	38756	aed659a91c680122b1ce5a66e32dd81ed32d154f3663e23451e3c654ad77ee2a
player_levels	Champion	https://drive.google.com/uc?export=download&id=1_agD2lEmfPN-sQcgm853aqwG9ujd0R2K	levels/19-champion.json	99551	16965ceef427c0cc6ff6d8bd21c6a4d233a62a42d42d66c666bd5f213013c800
player_levels	Royal	https://drive.google.com/uc?export=download&id=1UNCYMfWQ1FNKW_4skDQefTTPvP7lr_ja	levels/21-royal.json	222266	f549361511559a9f655c67b57f9103921a3ec80c76dbe78760302b325037acc7
player_levels	Royal Master	https://drive.google.com/uc?export=download&id=1SkpRRudplWyT7IKEpOAucp0UPrrQG9iZ	levels/23-royal-master.json	81411	e16bcc0121d3f8313ec711e3a390137c419191680c476169e51536ef84a34a46
player_levels	Supreme	https://drive.google.com/uc?export=download&id=1tStW2xVARGhsutKETNaJna5gj4opBSAv	levels/24-supreme.json	14363	73b6e0b5924a143fc6e29e32fb70cd4505054e6807d7155b41c8a8e65f2e43cf
player_levels	Legend	https://drive.google.com/uc?export=download&id=1_aeUxyPcY8y8vjS5XCGle2GVJ58H1W_S	levels/26-legend.json	39976	1be125932c04ad7126cf042f3c3a032b5aa3ff0df40d9e3dc455df696d0a7280
player_levels	Legendary	https://drive.google.com/uc?export=download&id=1JJf7FXDtLbABcU6QV4dDC3AjTaB42d9G	levels/27-legendary.json	28735	6e97a184684ced30cc05568aa21660905262f194577b05910af221e7123ee16c
player_levels	Grand Legend	https://drive.google.com/uc?export=download&id=1waubm1JDH69aO-Wi_SJ2NPU2LuhAmLul	levels/28-grand-legend.json	47849	31d3385fbd17027bc0043907890f407ebf8b070e15384131d085089292325e22
player_levels	Immortal	https://drive.google.com/uc?export=download&id=1IQv0oHWum_kyAvvuNLhvV6UsiEdf7u8S	levels/29-immortal.json	7970	78c213e9e00d591003ae10bc78970cc4b6e7fd01520a06474668cd200f92734a
player_levels	Titan	https://drive.google.com/uc?export=download&id=1NVhpS0i9DiahWamLqOsqlCPh9FpJEgqZ	levels/30-titan.json	23628	8e2667b8612af2df451268e2b7fc47d0b6dae2020345a433244f95506131976b
player_levels	Elite Titan	https://drive.google.com/uc?export=download&id=1t5mpo6BYOrECuoRAsPTgAmwTJEGSwH9Z	levels/31-elite-titan.json	9758	2cdf4ebbb85579b7edbbc5541d0b8e71692c473416fe5c25fc5f96e6cf036cf9
player_levels	Emperor	https://drive.google.com/uc?export=download&id=1wLDxV_GkYrhpyLDDSP9cC7zUi4Hh9Cnz	levels/33-emperor.json	38701	ba21c810b5ac872236db03cc814f1dfb8311fcf62f79fe12f8c9967b2db1d29f
player_levels	Royal Emperor	https://drive.google.com/uc?export=download&id=1J0cl9aGb3Gvhgbov49FCyPjtuo7W96az	levels/34-royal-emperor.json	18190	be620bb1707dad72867e7146f578d3f3130d4e934ff2e6ebfff3c66677f72335
player_levels	Supreme Emperor	https://drive.google.com/uc?export=download&id=1gvFRTrz1C_faOiIZUoe8y8adVdCyXM57	levels/35-supreme-emperor.json	19042	896576392c9f7db2997f36e292312ff1d59a62d37f8dddef84ee07518901a6df
player_levels	King	https://drive.google.com/uc?export=download&id=1SqX6So-jtLzeOpoqdXzdIGJgquZXZiJk	levels/36-king.json	113850	f0a2f91a2efd45c51cc0522a1a0924aa3a6016aa248905624f7333d23ab12b27
player_levels	Grand King	https://drive.google.com/uc?export=download&id=1Ngplvi2rKX0rjFxzXOR4ODx9L38UQDHE	levels/37-grand-king.json	243071	ab7e1ffd8620a883d17ad93f6a319a9e6e1127c25797ea45efbe17a7ad0e346f
player_levels	Royal King	https://drive.google.com/uc?export=download&id=1AoW8XeczJTYOC3Q0H8DjCXVwbudMoGcP	levels/38-royal-king.json	55729	bb43f4a86445d7dbaf7a12e99964816f6cf8e11895a54c57d72be52d8028314b
player_levels	Supreme King	https://drive.google.com/uc?export=download&id=1jaEC17ASGxNDJAyyulBVhO0NBVmI_iAa	levels/39-supreme-king.json	148873	f4f74238a1c7525d7a72211ad3f5d7df77fb5912876b0d6d52fbf4d42950480d
player_levels	Master King	https://drive.google.com/uc?export=download&id=15go9POUg8_3nsjz6xPHmZqxzYxnMNcu7	levels/40-master-king.json	38645	6fc363d2576ef43a006fb68dd9a68619970edfa21f901428a19badad9a6dae7d
player_levels	Grand Overlord	https://drive.google.com/uc?export=download&id=1eZF7faadc4hjZ-lUxGMggz99gT03tGEM	levels/42-grand-overlord.json	57638	3d5d6785b812b6925ddae66541b46ff9210bf82ff16dc931e13d33900b6c6296
player_levels	Royal Overlord	https://drive.google.com/uc?export=download&id=1W6PhSsxNDQbxLwWiFHhOfc0INgw-exov	levels/43-royal-overlord.json	19210	f9bdae555cf23d9f5493b4cd9b4baf48a69c4d34e462cea18259191f72450fda
player_levels	Supreme Overlord	https://drive.google.com/uc?export=download&id=1kF5cZ7xd6k6QEklwo0BGee6NteAdvXBM	levels/44-supreme-overlord.json	11088	e6387aff9b06b1d15a6626c0d9d0cfb9e6b9975bce77240a124cc60208b82c45
player_levels	Mythic	https://drive.google.com/uc?export=download&id=1Mt08RZaAuazPJORoXaWkBBvdpOzGX1qU	levels/45-mythic.json	48260	50e1399ef4b125fd913ddfbf62d19eaa45c60d870c69e5ce2b3b261dcccae01c
player_levels	Mythic King	https://drive.google.com/uc?export=download&id=1vN8VIjlRK6NOKTlQ_7YBZIQMDGelamjM	levels/46-mythic-king.json	16548	3ddc2c05c65cee33a35a309982850fbaf4c1c7cfa66ecc61a9e98222ec899005
player_levels	Immortal King	https://drive.google.com/uc?export=download&id=1xcnpkXAsum0i6DwbrK5AhAC4qbXB9adX	levels/47-immortal-king.json	1682985	6e54a7cd4280b3ae8da391fc3f21421b8a3fc4745e63e5aa9afb9685b031a38a
player_levels	Legendary King	https://drive.google.com/uc?export=download&id=1W33Jv1LFLAvh_0wmKOWh9ktpUK5aFzQX	levels/48-legendary-king.json	280590	85b14a5db676cf6d38fe75c051bba6a660e8c7fcd3b897cce9a845d1f752899e
player_levels	Supreme Legend	https://drive.google.com/uc?export=download&id=11X5XK7q6HExMJZ-zUPoxZW9vYFDD5B3r	levels/49-supreme-legend.json	134602	25f709c0a95f21b31550c24bcc6bd1884d793857ace549fb26fc434a9aadfa7a
player_levels	King of Kings	https://drive.google.com/uc?export=download&id=1IyDWBxn-9lcQeZVkTQQY1gzE3zTBuZdA	levels/50-king-of-kings.json	165502	7dcf05a0c921284f3eeed5c2200c6c1bb9c90a44cccaf9994df7e84cdf67e7cb
player_levels	Newbie	/levels/newbie.json	levels/01-newbie.json	49750	7f99882f6aa3eb2f1601590522acd7f741854105ce3b0ad02d2666cd34b11f59
player_levels	High Roller	/levels/high-roller.json	levels/20-high-roller.json	46222	a79f6e4f2143bfca24963f84e64a177916b42d3c03339e9dfe2004fae680cf81
player_levels	Royal Ace	/levels/royal-ace.json	levels/22-royal-ace.json	14117	8d7759236f8e7cfa3ba73f8d93f966f2f9070b515d59fc0d174eaa303c9d2413
player_levels	Supreme Ace	/levels/supreme-ace.json	levels/25-supreme-ace.json	126851	4a520e6c283257974f25bcc423ddddd04162bfc825a88a20307bedec3ca7cb28
player_levels	Royal Titan	/levels/royal-titan.json	levels/32-royal-titan.json	19551	0e695f6339ddcb52fb84626dcf3f53fa8b4372972936728c615bcf2be1926d32
player_levels	Overlord	/levels/overlord.json	levels/41-overlord.json	62959	fa9c7bb885ee4f19a0b3dab54122b94bc6ec50c9e4d569c2810605bff2c10e92
